"Variable","HR","CI_Lower","CI_Upper","p_value"
"age",1.01452752055995,0.993200007950547,1.03631301020366,0.183346258340706
"chol",1.00004454542636,0.997096962031822,1.00300084236452,0.976404417171161
"trestbps",1.00078291226898,0.991091678402676,1.01056891033913,0.87474783120043
"thalach",0.985682152393955,0.977966523249887,0.993458653696398,0.000322181205894874
"oldpeak",1.14610929990821,1.00939240480225,1.30134377976959,0.0353600673260879
